abceso                  -> No existe según RAE, ¿error ortográfico en 'absceso'?
abreviatio              -> No existe según RAE, para mí parece Latín.
absuelto                -> Participio irregular de absolver, añadidos en ConjugacionesIrregulares.txt
abúlicos                -> Añado 'abúlico/GS' en Adjetivos.txt
abusivamente            -> No existe según RAE. Añado 'abusivamente' en noRAE/Adverbios.txt (más de 1 millón de ocurrencias en Google)
académicamente          -> Añado 'académicamente' en Adverbios.txt
acérrima                -> Añado 'acérrimo/GS' en Adjetivos.txt
acérrimas
acérrimo
acérrimos
acervo                  -> Añado 'acervo/S' en NombresMasculinos.txt
aclimatación            -> Añado 'aclimatación/S' en NombresFemeninos.txt
acotarles               -> Añado la bandera 'Â' en el lema 'acotar' en VerbosTransitivosPronominales.txt
acrolecto               -> No reconocido por RAE. Demasiado específico para añadirlo, pocas ocurrencias. Quizás en un diccionario de términos para Lingüística.
acrolectos
acronimia               -> Ocurre lo mismo que con 'acrolecto'.
acrósticas              -> Añado 'acróstico/S' en NombresMasculinos.txt y 'acróstico/GS' en Adjetivos.txt
acrósticos
actancial               -> Ocurre lo mismo que con 'acrolecto'
actanciales
actante                 -> Ocurre lo mismo que con 'acrolecto'
actantes
actio                   -> ¿Latín?
acusadamente            -> Pocas ocurrencias
adagia                  -> ¿Latín?
Adam                    -> Nombre propio, pero me parece que con origen anglosajón.
adlatio                 -> ¿Latín?
adlativo                -> Ocurre lo mismo que con 'acrolecto'
adscribible             -> Añado 'adscribible/S' en Adjetivos.txt
adstrato                -> Añado 'adstrato/S' en NombresMasculinos.txt
aféresis                -> Añado 'aféresis' en NombresFemeninos.txt
aforístico              -> Añado 'aforístico/GS' en Adjetivos.txt y 'aforística/S' en NombresFemeninos.txt
africanismos            -> Añado 'africanismo/S' en NombresMasculinos.txt
Agamenón                -> Añado 'Agamenón' en noRAE/NombresPropiosSiglas.txt
agentivo                -> Lingüística
aglutinador             -> Añado 'aglutinador/GS' en Adjetivos.txt
agón                    -> Pocas ocurrencias
agramaticalidad         -> Añado 'gramaticalidad/aS' en NombresFemeninos.txt
agrietándola            -> Añado la bandera 'Ä' en el lema 'agrietar' en VerbosTransitivosPronominales.txt
agrietándolas
agrietándolo
agrietándolos
aimara                  -> Añado 'aimara/S' en Adjetivos.txt y 'aimara' en NombresMasculinos.txt
Al-Andalus              -> Contiene un guión. La grafía correcta del topónimo es 'al-Ándalus', pero no se pueden agregar topónimos que contienen guiones.
Alarcón                 -> Añado 'Alarcón' en noRAE/NombresPropiosSiglas.txt
Alarcos                 -> Añado 'Alarcos' en noRAE/NombresPropiosSiglas.txt
Albacete                -> Añado 'Albacete' en noRAE/NombresPropiosSiglas.txt
Alfarache               -> Añado 'Alfarache' en noRAE/NombresPropiosSiglas.txt
alfonsí                 -> Añado 'alfonsí/S' en Adjetivos.txt
alfonsíes
alienígena              -> Añado 'alienígeno/GS' en Adjetivos.txt y 'alienígena/S' en NombresMasculinosFemeninos.txt
alienígenas
Alighieri               -> Añado 'Alighieri' en noRAE/NombresPropiosSiglas.txt
aliteración             -> Añado 'aliteración/S' en RAE/NombresFemeninos.txt
aliteraciones
aljamía                 -> Añado 'aljamía/S' en NombresFemeninos.txt
aljamianas              -> No registrado en RAE, ¿error ortográfico por 'aljamiadas'? Añado 'aljamiado/GS' en Adjetivos.txt
Allan                   -> Nombre propio, pero de origen anglosajón.
almacenadores           -> No registrado en RAE, hay suficientes ocurrencias como para añadirlo en noRAE pero me parece un uso incorrecto por 'almacén'.
Almería                 -> Añado 'Almería' en noRAE/NombresPropiosSiglas.txt
alófono                 -> Añado 'alófono/GS' en Adjetivos.txt y 'alófono/S' en NombresMasculinos.txt
alófonos
alomorfo                -> Añado 'alomorfo/S' en NombresMasculinos.txt
alomorfos
alter                   -> ¿Latín?
Alvar                   -> No registrado en RAE, no sé a qué hace referencia. ¿Es un topónimo español?
Amadís                  -> Añado 'Amadís' en noRAE/NombresPropiosSiglas.txt
Amanda                  -> Añado 'Amanda' en noRAE/NombresPropiosSiglas.txt
Amberes                 -> Añado 'Amberes' en noRAE/NombresPropiosSiglas.txt
americanismo            -> Añado 'americanismo/S' en RAE/NombresMasculinos.txt
americanismos
Américas                -> Añado 'Américas' en noRAE/NombresPropiosSiglas.txt
Américo                 -> Añado 'Américo' en noRAE/NombresPropiosSiglas.txt
amoenus                 -> No registrado en RAE. ¿Latín?
amplificatio            -> No registrado en RAE. ¿Latín?
amplísima               -> No registrado en RAE. Superlativo de 'amplio', añado 'amplísimo/GS' en noRAE/Adjetivos.txt
Anabel                  -> Añado 'Anabel' en noRAE/NombresPropiosSiglas.txt
anacreóntica            -> Añado 'anacreóntico/GS' en Adjetivos.txt y 'anacreóntica/S' en NombresFemeninos.txt
anacronía               -> Añado 'anacronía/S' en NombresFemeninos.txt
anacronías
anáfora                 -> Añado 'anáfora/S' en NombresFemeninos.txt
anáforas
anagnórisis             -> Añado 'anagnórisis' en NombresFemeninos.txt
analepsis               -> Añado 'analepsis' en NombresFemeninos.txt
analizante              -> No registrado en RAE, pocas ocurrencias.
anárquica               -> Añado 'anárquico/GS' en Adjetivos.txt y 'anárquico/GS' en NombresMasculinosFemeninos.txt
anárquicas
Andalucías              -> Añado 'Andalucía/S' en noRAE/NombresPropiosSiglas.txt
andalusí                -> Añado 'andalusí/S' en Adjetivos.txt y NombresComunes.txt
Anderson                -> Nombre propio de origen anglosajón
andiplosis              -> ¿Error ortográfico por 'anadiplosis'? Añado 'anadiplosis' en NombresFemeninos.txt
André                   -> Nombre propio, pero parece de origen francés
Andrómaca               -> Nombre propio, poco usado.
anecdótica              -> Añado 'anecdótico/GS' en Adjetivos.txt
anecdóticas
anecdótico
anecdóticos
angelicata              -> ¿Latín?
animalización           -> Añado 'animalización/S' en NombresFemeninos.txt
anisocronías
anisosilábico
anisosilábicos
anisosilabismo
antepuesta              -> Participio irregular de anteponer. Añadidas todas las formas en ConjugacionesIrregulares.txt
antepuestas
antepuesto
antepuestos
antiateo
antiburgués             -> Añado la bandera 'c' (prefijo anti-) para el lema 'burgués' en Adjetivos.txt
antiburguesa
antiburguesas
antiburgueses
anticatólica            -> Añado la bandera 'c' (prefijo anti-) para el lema 'católico' en Adjetivos.txt
anticatólicas
anticatólico
anticatólicos
anticlímax              -> Añado 'clímax/c' en NombresMasculinos.txt y 'clímax' en NombresFemeninos.txt
anticopia
antidogmatismo
antifranquista          -> Añado 'franquista/S' en Adjetivos.txt y NombresComunes.txt y 'antifranquista/S' en noRAE.
antifranquistas
Antígona                -> Añado 'Antígona' en noRAE/NombresPropiosSiglas.txt
antihéroe               -> Añado la bandera 'c' (prefijo anti-) para el lema 'héroe' en NombresMasculinos.txt
antiheroico             -> Añado la bandera 'c' (prefijo anti-) para el lema 'heroico' en Adjetivos.txt
antihonor               -> Pocas ocurrencias
antiliberal             -> Añado la bandera 'c' (prefijo anti-) para el lema 'liberal' en Adjetivos.txt y en NombresComunes.txt
antiliberales
antilogía               -> Añado 'antilogía/S' en NombresFemeninos.txt
antimarxista            -> Pocas ocurrencias
antimarxistas
antimasónico            -> Pocas ocurrencias
antimasónicos
antimentalismo          -> Pocas ocurrencias
antinovela              -> Añado 'antinovela/S' en NombresFemeninos.txt
antiorientado           -> Pocas ocurrencias
antiorientados
antirrealista           -> Pocas ocurrencias
antirrealistas
antirreformista         -> Pocas ocurrencias
antirreformistas
antirretoricismo        -> Pocas ocurrencias
antitradicionales       -> Pocas ocurrencias
antiyanqui              -> Pocas ocurrencias
antropocéntrica         -> Añado 'antropocéntrico/GS' en Adjetivos.txt
antropólogo             -> Añado 'antropólogo/GS' en NombresMasculinosFemeninos.txt
antropólogos
antropónimos            -> Añado 'antropónimo/S' en NombresMasculinos.txt
aperturismo             -> Añado 'aperturismo/S' en NombresMasculinos.txt
aperturismos
apicoalveolar           -> Pocas ocurrencias
apocalipsis             -> Es 'Apocalipsis'
Apocalipsis             -> Añado 'Apocalipsis' en NombresMasculinos.txt
apofántico              -> Pocas ocurrencias
Apollinaire             -> Nombre extranjero
apólogo                 -> Añado 'apólogo/S' en NombresMasculinos.txt y 'apólogo/GS' en Adjetivos.txt
apólogos
Apolonio                -> Añado 'Apolonio' en noRAE/NombrePropiosSiglas.txt
apóstrofe               -> Añado 'apóstrofe/S' en NombresAmbiguos.txt
apotegmática            -> Pocas ocurrencias
apoyatura               -> Añado 'apoyatura/S' en NombresFemeninos.txt
Apuleyo                 -> Añado 'Apuleyo' en noRAE/NombresPropiosSiglas.txt
Aquiles                 -> Añado 'Aquiles' en noRAE/NombresPropiosSiglas.txt
Aragón                  -> Añado 'Aragón' en noRAE/NombresPropiosSiglas.txt
Aranjuez                -> Añado 'Aranjuez' en noRAE/NombresPropiosSiglas.txt
archidiácono            -> Añado 'archidiácono/S' en NombresMasculinos.txt
archilexema             -> Pocas ocurrencias
archisenema             -> Pocas ocurrencias
argótico                -> Pocas ocurrencias
argumentalmente         -> Añado 'argumentalmente' en Adverbios.txt
argumentatio            -> ¿Latín?
Ariel                   -> Añado 'Ariel' en noRAE/NombresPropiosSiglas.txt
aristocratismo          -> Añado 'aristocratismo/S' en NombresMasculinos.txt
Aristófanes             -> Añado 'Aristófanes' en noRAE/NombresPropiosSiglas.txt
Aristóteles             -> Añado 'Aristóteles' en noRAE/NombresPropiosSiglas.txt
arquetípico             -> Añado 'arquetípico/GS' en Adjetivos.txt
arquetípicos
Artemis                 -> Es 'Artemisa' o 'Ártemis'
Ártemis                 -> Añado 'Artemisa' y 'Ártemis' en noRAE/NombresPropiosSiglas.txt
artificiosidad          -> Añado 'artificiosidad/S' en NombresFemeninos.txt
artúrico                -> Añado 'artúrico/GS' en Adjetivos.txt
asambleario             -> Añado 'asambleario/GS' en Adjetivos.txt
Asclepio                -> Añado 'Asclepio' en noRAE/NombresPropiosSiglas.txt
aservativos             -> ¿Error por 'asertivos'?
asibilación             -> Añado 'asibilación/S' en NombresFemeninos.txt
asimetría               -> Añado 'asimetría/S' en NombresFemeninos.txt
asincronías             -> Añado 'asincronía/S' en NombresFemeninos.txt
asíndeton               -> Añado 'asíndeton/S' en NombresMasculinos.txt
aspectualización        -> Pocas ocurrencias.
astrológicos            -> Añado 'astrológico/GS' en Adjetivos.txt
Asturias                -> Añado 'Asturias' en noRAE/NombresPropiosSiglas.txt
asturleonés             -> Añado 'asturleonés/GS' en Adjetivos.txt y 'asturleonés' en NombresMasculinos.txt
asturleonesa
atelicidad              -> Pocas ocurrencias
atélico                 -> Pocas ocurrencias
atemporal               -> Añado 'atemporal/S' en Adjetivos.txt
atemporales
Atenas                  -> Añado 'Atenas' en noRAE/NombresPropiosSiglas.txt
atraerles               -> Añado la bandera 'Î' en el lema 'atraer' en VerbosTransitivosPronominales.txt
Austin                  -> Topónimo/Apellido de origen anglosajón.
autarquía               -> Añado 'autarquía/S' en NombresFemeninos.txt
autentificación         -> Añado 'autentificación/S' en NombresFemeninos.txt
autobiografismo         -> Pocas ocurrencias
autobiógrafo            -> Añado la bandera 'd' en el lema 'biógrafo' en NombresMasculinosFemeninos.txt
autoconcepto            -> Añado 'autoconcepto/S' en noRAE/NombreMasculino.txt
autoconocimiento        -> Añado 'autoconocimiento/S' en noRAE/NombreMasculino.txt
autoconsciencia         -> Añado la bandera 'd' en el lema 'consciencia' en NombresFemeninos.txt
Autocontrol             -> Añado la bandera 'd' en el lema 'control' en NombresMasculinos.txt
autocuestionamiento     -> Pocas ocurrencias
autodefinía             -> Añado 'autodefinir/REDñ' en VerbosPronominales.txt
autodiégesis            -> Pocas ocurrencias
autodiegético           -> Pocas ocurrencias
autodirigida            -> Añado 'autodirigir/REDñ' en noRAE/VerbosPronominales.txt
autoevaluación          -> Añado la bandera 'd' en el lema 'evaluación' en NombresFemeninos.txt
Autoevalucación         -> Error de tipeo
autoexiliarse           -> Pocas ocurrencias
autoinfligido           -> Añado 'autoinfligir/REDñ' en noRAE/VerbosPronominales.txt
autorial                -> Pocas ocurrencias
autorpostulándose       -> ¿Error de tipeo por 'autopostularse'? Igual no la agrego, véase http://weblogs.clarin.com/revistaenie-elmisteriodelaspalabras/2009/09/04/autopostularse/
autorregulación         -> Agrego la bandera 'd' en el lema 'regulación' en NombresFemeninos.txt
autorreguladora         -> Agrego la bandera 'd' en el lema 'regulador' en Adjetivos.txt
autoselección           -> Pocas ocurrencias
autosolventa            -> Pocas ocurrencias
autosuficiente          -> Agrego la bandera 'd' en el lema 'suficiente' en Adjetivos.txt
Avignon                 -> Topónimo francés, castellanizado es 'Aviñón', igual no sé si incluirlo
axiológica              -> Añado 'axiológico/GS' en Adjetivos.txt
axiológicas
axiológico
Ayala                   -> Apellido, ¿topónimo? No sé si agregarlo
Áyax                    -> Agrego 'Áyax' en noRAE/NombresPropiosSiglas.txt
Aznar                   -> Añado 'Aznar' en noRAE/NombresPropiosSiglas.txt
Azorín                  -> Añado 'Azorín' en noRAE/NombresPropiosSiglas.txt
Baco                    -> Añado 'Baco' en noRAE/NombresPropiosSiglas.txt
Baena                   -> Añado 'Baena' (topónimo) en noRAE/NombresPropiosSiglas.txt
Bajtín                  -> Apellido, pocas ocurrencias
baladísticos            -> ¿Referido a 'balada'?, no registrado en RAE, lo añado como 'baladístico/GS' en noRAE/Adjetivos.txt
Baltasar                -> Añado 'Baltasar' en noRAE/NombresPropiosSiglas.txt
Balzac                  -> Añado 'Balzac' en noRAE/NombresPropiosSiglas.txt
Barbadillo              -> Añado 'Barbadillo' en noRAE/l10n/es_ES/NombresPropiosSiglas.txt
Barcelona               -> Añado 'Barcelona' en noRAE/NombresPropiosSiglas.txt
Bargas                  -> Añado 'Bargas' en noRAE/l10n/es_ES/NombresPropiosSiglas.txt
Baroja                  -> Añado 'Baroja' en noRAE/NombresPropiosSiglas.txt
barroquización          -> Añado 'barroquización/S' en NombresFemeninos.txt
Bartolomé               -> Añado 'Bartolomé' en noRAE/NombresPropiosSiglas.txt
Baudelaire              -> Añado 'Baudelaire' en noRAE/NombresPropiosSiglas.txt
Bazán                   -> Añado 'Bazán' en noRAE/NombresPropiosSiglas.txt
beatería                -> Añado 'beatería/S' en NombresFemeninos.txt
Becket                  -> Nombre propio de origen anglosajón
Bécquer                 -> Añado 'Bécquer' en noRAE/NombresPropiosSiglas.txt
behaviorista            -> Añado 'behaviorista/S' en noRAE/NombresComunes.txt y noRAE/Adjetivos.txt y 'behaviorismo/S' en NombresMasculinos.txt
Benavente               -> Añado 'Benavente' en noRAE/NombresPropiosSiglas.txt
benevolentia            -> ¿Error de tipeo por 'benevolencia', o latín?
Berlanga                -> Añado 'berlanga' en NombresFemeninos.txt (si bien este es nombre propio, falta el término)
Bernárdez               -> Añado 'Bernárdez' en noRAE/NombresPropiosSiglas.txt
Berrio                  -> Pocas ocurrencias
betacismo               -> Pocas ocurrencias
betacista               -> Pocas ocurrencias
Betis                   -> ¿Equipo de fútbol español? Añado 'Betis' en noRAE/l10n/es_ES/NombresPropiosSiglas.txt
bienamado               -> Añado 'bienamado/GS' en noRAE/Adjetivos.txt (http://www.fundeu.es/consulta/bienamado-bienquisto-1282/)
Bigotsky                -> ¿Error ortográfico por 'Vigotsky'?
Bilbao                  -> Añado 'Bilbao' en noRAE/NombresPropiosSiglas.txt
bilingüe                -> Añado 'bilingüe' en Adjetivos.txt y en NombresComunes.txt
bilingües
bilingüismo             -> Añado 'bilingüismo/S' en NombresMasculinos.txt
Bilingüismo
bimembraciones          -> Pocas ocurrencias
biografismo             -> Pocas ocurrencias
biparentales            -> Añado 'biparental/S' en noRAE/Adjetivos.txt
bisílabas               -> Añado 'bisílabo/GS' en Adjetivos.txt y 'bisílabo/S' en NombresMasculinos.txt
bisílabos
biunivocidad            -> Pocas ocurrencias
biunívoco               -> Añado 'biunívoco/GS' en noRAE/Adjetivos.txt
Blas                    -> Añado 'Blas' en Locuciones.txt
Bloomfield              -> Añado 'Bloomfield' en noRAE/NombresPropiosSiglas.txt
Bocaccio                -> Añado 'Boccaccio' en noRAE/NombresPropiosSiglas.txt
Boccaccio
Borges                  -> Añado 'Borges' en noRAE/NombresPropiosSiglas.txt
Boscán                  -> Pocas ocurrencias
bostezos                -> Añado 'bostezo/S' en NombresMasculinos.txt
braille                 -> Añado 'braille' en NombresMasculinos.txt
Brecht                  -> Añado 'Brecht' en noRAE/NombresPropiosSiglas.txt
Breton                  -> Añado 'Breton' en noRAE/NombresPropiosSiglas.txt
Brevemente              -> Ya fue añadida
brevísimo               -> Añado 'brevísimo/GS' en noRAE/Adjetivos.txt
Brunetiere              -> Nombre propio francés con pocas ocurrencias, además habría error ortográfico ya que la escritura correcta es 'Brunetière'
bucolismo               -> Añado 'bucolismo/S' en NombresMasculinos.txt
buldero                 -> Desusado: 'bulero'. Existe en NombresMasculinos.old
Buñuel                  -> Añado 'Buñuel' en noRAE/NombresPropiosSiglas.txt
Burgos                  -> Añado 'Burgos' en noRAE/NombresPropiosSiglas.txt
burlescamente           -> Pocas ocurrencias
Buscón                  -> Añado 'buscón/GS' en Adjetivos.txt y en NombresMasculinosFemeninos.txt, además 'buscona/S' en NombresFemeninos.txt
buscona
cacereña                -> Añado 'cacereño/GS' en Adjetivos.txt y en NombresMasculinosFemeninos.txt
cacereñas
cacereños
Cádiz                   -> Añado 'Cádiz' en noRAE/NombresPropiosSiglas.txt
calderoniano            -> Añado 'calderoniano/GS' en Adjetivos.txt
caligrama               -> Añado 'caligrama/S' en NombresMasculinos.txt
caligramas
Calila                  -> Pocas ocurrencias.
Calisto                 -> Añado 'Calisto' en noRAE/NombresPropiosSiglas.txt
Camus                   -> Añado 'Camus' en noRAE/NombresPropiosSiglas.txt
cancioncillas           -> Problema: el sufijo con bandera 'N' aplica a femeninos y masculinos sin criterio. Publico el problema #14
cancioneril             -> Añado 'cancioneril/S' en Adjetivos.txt
canónigas               -> Añado 'canóniga/S' en NombresFemeninos.txt
cantarcillo             -> Pocas ocurrencias
cantarcillos
cantautor               -> Añado 'cantautor/GS' en NombresMasculinosFemeninos.txt
cántica                 -> Término desusado por 'cantar' (|| composición poética). Lo añado en NombresFemeninos.old
captatio                -> ¿Latín?
Captatio
Carabagio               -> Pocas ocurrencias, ¿será algún tipo de castellanización por 'Caravaggio' (pintor)?
carolinguio             -> ¿Error de tipeo por 'carolingio'?
Carón                   -> Añado 'Carón' en noRAE/NombresPropiosSiglas.txt
Caronte                 -> Añado 'Caronte' en noRAE/NombresPropiosSiglas.txt
Carpentier              -> Añado 'Carpentier' en noRAE/NombresPropiosSiglas.txt
Carreter                -> Añado 'Carreter' en noRAE/NombresPropiosSiglas.txt
Carrión                 -> Añado 'Carrión' en noRAE/NombresPropiosSiglas.txt
Casandra                -> Añado 'Casandra' en noRAE/NombresPropiosSiglas.txt
Cassany                 -> Pocas ocurrencias.
castellanización        -> Añado la bandera 'A' en el lema 'castellanizar' en VerbosTransitivosPronominales.txt
catáfora                -> Añado 'catáfora/S' en NombresFemeninos.txt
catáforas
catalogación            -> Añado la bandera 'A' en el lema 'catalogar' en VerbosTransitivos.txt
Cataluña                -> Añado 'Cataluña' en noRAE/NombresPropiosSiglas.txt
categorización          -> Añado el lema 'categorizar/REDA' en VerbosTransitivos.txt
categorizadores         -> Pocas ocurrencias
categorizar
Catonis                 -> Pocas ocurrencias
Cáucaso                 -> Añado 'Cáucaso' en noRAE/NombresPropiosSiglas.txt
causalista              -> Pocas ocurrencias
Cecilia                 -> Añado 'Cecilia' en noRAE/NombresPropiosSiglas.txt
Celi                    -> Pocas ocurrencias
Cernuda                 -> Añado 'Cernuda' en noRAE/NombresPropiosSiglas.txt
Cervantes               -> Añado 'Cervantes' en noRAE/NombresPropiosSiglas.txt
cf                      -> Añado 'cf' en noRAE/Abreviaturas.txt
Cf
Cfr                     -> Añado 'cfr' en noRAE/Abreviaturas.txt
Chanson                 -> Término francés.
chatarrerías            -> Añado 'chatarrería/S' en NombresFemeninos.txt
chats                   -> Añado 'chat/S' en NombresMasculinos.txt
chinato                 -> Pocas ocurrencias
chinita                 -> Añado 'chinita/S' en NombresFemeninos para las localizaciones 'es_CU' y 'es_HN', además en noRAE/NombresFemeninos.txt
Chomsky                 -> Añado 'Chomsky' en noRAE/NombresPropiosSiglas.txt
ciceante                -> ¿Error ortográfico por 'ceceante'?
cientifismo             -> Añado 'cientifismo/S' en NombresMasculinos.txt
cinésicos               -> ¿Error ortográfico por 'cinésicas' o 'cinéticos'?
circunfijos             -> Pocas ocurrencias
cívicamente             -> Añado 'cívicamente' en noRAE/Adverbios.txt
clarísima               -> Añado 'clarísimo/GS' en noRAE/AumentativosDiminutivos.txt
clasema                 -> Añado 'clasema/S' en NombresMasculinos.txt
Clasema
clasemas
clasificativos
Claudio
Clitemnestra
clítico
clíticos
coeducación
Coeducación
coeducativa
Coéforas
coevaluación
cognitivamente
cohesionadores
cohipónimos
coiné
Coiné
coinización
collage
colocativo
colofón
Colofón
colonialista
coloquialismo
coloquialismos
Coloquialismos
coloquializadoras
coloquialmente
Comala
Comenius
comparativismo
competencial
competenciales
Complementación
componencial
componenciales
comprenderlos
compromisivos
computacional
Computacional
conativa
concedérsele
concéntrico
concienciación
conclusiva
conclusivo
conductismo
Conductismo
conductista
conductistas
configuracional
configuradores
confijos
Constantinopla
constatación
constitucionalistas
constructivismo
Constructivismo
constructivista
constructo
Constructo
contextualización
Contextualización
contextualizadoras
contraargumentaciones
contraargumentar
contraargumentativo
contraargumentos
contrafactum
contragénero
contraponerle
contrarreforma
Contrarreforma
contrarreformismo
contrarreformista
contrarreformistas
contrastivas
contrastivos
Contreras
convencerle
convivencial
cooficial
coorientados
copernicana
copernicanas
coralidad
Corán
coreferencia
coreuta
Coreuta
coreutas
corifeo
Corifeo
correferencia
correferencial
corregirles
correlacional
corresponsalías
Cortázar
Coseriu
cosificación
cotexto
co-texto
Covadonga
Covarrubias
creacionista
Creonte
crescendo
críptico
criptojudíos
Crisotemis
cristológica
criterial
Criticism
cronémica
cronística
Cronografía
Crussoe
cuadraangular
cuantificación
cuantificativo
cuantitativamente
cuentacuentos
cuentecillos
cuentística
cuestionamiento
culteranista
culteranistas
cultista
cultistas
culturalismo
Culturalismo
culturalista
culturización
cunanagoto
cuplé
currículum
cuzqueñas
dactílico
dáctilo
dadaísmo
Dadaísmo
dadaísta
dadaístas
Dafne
Dalí
Dámaso
Danaides
Darío
Darwin
deambulante
deán
debatible
Decamerón
decelera
deceleración
decelerada
deceleran
decimonónica
decimonónico
decorum
decurso
dedeo
deductivamente
definirla
definirlas
definirlo
definirlos
Defoe
degradadora
degradarla
Deísmo
delectare
Delectare
Delibes
delimitación
Delimitación
delimitaciones
delimitativo
demarcativo
democráticamente
democratización
Democratización
denotación
Denotación
depuradamente
dequeísmo
desafricación
desaprende
desarticulación
desautomatización
desautomatizado
descalificación
descomprometida
descomprometido
descomprometidos
desconcentraba
desconstructivista
descontaminación
descontextualizada
descontextualizar
deseducación
desentrañarlos
desestructurados
desfonologización
deshacerlo
deshumanización
desinencial
desmotivación
Desmotivación
desordenándolas
desorganización
desplezándose
destacable
Destacable
destacables
desvaríos
deus
Deuteronomio
Deux
Deyanira
diacrítica
diacríticos
diacronía
diacrónica
diacrónico
diacrónicos
diafasía
diafasías
diafásica
diafásicas
diáfora
diáforas
Dialectalización
dialectología
Dialectología
dialectológicos
dialógica
dialógico
Dialógico-conversacional
dialógicos
dialógicos-conversacionales
diasistemática
diastrática
diastráticas
diastrático
Diastrático
diatopía
diatópica
diatópicas
diatópico
Diatópico
Díaz
dicendi
Dick
Dickens
dicotomía
Dicotomía
didactismo
Didactismo
Didascalia
didascalias
diégesis
diegética
diegético
diem
diferenciables
diglosia
Diglosia
dignificación
dignificador
dignificándola
Digreivo
digresar
digresivos
digresor
Dijk
diletantismo
dilogía
dimna
Dimna
Dionisio
Dioniso
Dionisos
diptongación
dirigírselas
dirigismo
dirigista
dirigistas
discronía
disfunciones
disociativas
dispositio
disquisiciones
distanciación
distica
dístico
dísticos
distinguidor
distinguidora
distinguidoras
distinguidores
distopía
distópica
distópico
distorsionador
distorsionadora
distractiva
distribucional
distribucionales
divirtiéndolos
dixit
documentalmente
dodecasílabo
dodecasílabos
dolce
Dostoievski
dramatización
druts
Duarte
Duero
Ebro
Ecalia
Eclesiastés
Ecoescuela
ecuacional
Ecuacional
ecuandicional
ecuandicionales
Edgar
Edipo
Egisto
égloga
églogas
Eiffel
ejemplificación
ejemplificaciones
ejemplificadores
Electra
elidirlo
elisión
elocutio
Eloisa
Emirato
empatía
empática
empatice
empático
empatizaba
empatizar
encajarlos
enclíticamente
encomiable
encomium
encorsetamiento
endocéntrica
endocéntrico
endocéntricos
endofórica
endofóricas
enfatizables
enfatizadores
ensambladora
ensayística
ensayísticas
ensayístico
ensayísticos
entenderle
entendible
entonativa
entreguerras
enunciador
enunciadores
enxiemplo
enxiemplos
epéntesis
epentética
epentéticos
episcopalistas
episódica
episódicamente
episódico
epistemología
equiparación
Eramismo
érase
Érase
Erasmo
eremus
ergativos
Erinis
Ernest
escapista
escarceos
escatología
escatológicas
escatológico
escatologización
escenificación
escenificaciones
escrituraria
escrutinan
esdrújulo
esdrújulos
esópica
Esopo
espacialidad
espaciotemporales
espadazo
españolización
espiritualizarla
Espronceda
esquematizarla
estandarización
Estandarización
estándolo
estativos
esteriorizada
estetizante
estilema
Estilización
estratégicamente
estratificación
estrenársela
Estridentismo
estructurable
estructurador
estructuradoras
estructuradores
estructuralismo
Estructuralismo
estructuralista
Estructuralista
estructuralmente
Estructuralmente
Eteocles
étimo
etimológicamente
etnografía
Etnografía
etnográfico
Etnográfico
etnógrafo
etnología
etnológico
Etnológico
etnometodología
etopeya
Euménides
Eurídice
Eurípides
europeísta
europeización
evaluativas
evaluativo
evaluativos
evitación
evocativo
excomulgación
excurso
excursus
exempla
exemplos
exemplum
exhaustividad
exilios
existencialista
exocéntrico
exocéntricos
Exocéntricos
exofórica
exofóricos
expansionista
experiencial
experimentalismo
explicit
expresionista
expresionistas
extradiegético
extraliteraria
extraliterarias
extraliterario
extraliterarios
extraoracionales
extrapolable
extrapolables
extratextual
extratextuales
extrayéndola
Extremadura
extremeñas
extremeño
Extremeño
extremeños
extrínseca
extrínsecas
Fabio
Facebook
fálico
famosísimo
fática
fático
fatum
Faulkner
Federico
Fedra
Feijoo
feísmo
feísta
fenhedor
Ferdinand
Fernán
fernandinas
ficcional
ficcionales
Ficcionalidad
ficcionaliza
ficcionalización
Figueroa
fijaarlo
filantropía
filantrópico
Filoctetes
finalización
flagelaciones
flashback
Flaubert
Florinda
focalizables
focalización
Focalización
focalizaciones
focalizador
folclorismo
fonologización
foracidad
formalización
Foster
fragmentación
Fragmentación
fragmentarismo
franquismo
franquista
franquistas
Franz
fraseológica
fraseológicas
fregona
Freud
fricatiza
fricatizarse
frustrante
fugit
fundamentalistas
futurismo
Futurismo
Galaeta
Galatea
Galdós
Galicia
García
garcilasiana
garcilasiano
garcilasismo
Garcilaso
Gasset
Gaula
gazmoña
geada
geminación
geminaciones
generativismo
Generativismo
generativista
Generativista
generativistas
genesíacos
Genette
geocultural
George
Gerard
Gerineldo
germana
germanas
Gertrudis
gestualidad
Gili
globalización
globalizadora
glosemática
Glotalización
gnómica
gobernarlo
Goethe
Goliardos
Góngora
Gonzalo
goticismo
Gracián
Graciela
gradativos
gravísimo
Gredos
Greenpeace
greguería
greguerías
Grice
Grimm
grosso
Guadalquivir
Guadarrama
Guadiana
Guevara
Guillén
guionizada
Gulliver
Gustave
hagiografía
hagiográfica
hagiográficas
hagiográfico
hagiográficos
Halliday
Hamon
hardware
Hasan
Hécuba
Hegel
helenística
helenísticas
helenístico
helenísticos
heliodoriana
Heliodoro
Hemingway
hemorrágica
Henón
heptasilábicos
Hera
Heracles
Hermíone
Hernán
Heródoto
heterodiégesis
heterodiegética
heterodiegético
heterónimo
heterónimos
hexadecasílabos
hexámetro
hexámetros
hexasílabas
hexasílabos
hidalguización
hiperactivo
hipérbaton
hipérbatos
hiperonimia
hiperónimo
hiperónimos
hipertema
hipodiegético
hipodiegéticos
hiponimia
hipónimo
hipónimos
hipotácticas
hipotaxis
Hiroshima
hispanización
Hispanoamérica
hispanoamericanista
historialistas
historiografía
Hitler
Hjelmslev
hobbit
Hoffman
holismo
Hollywood
Homero
homodiégesis
homodiegética
homodiegético
homologación
homonímicos
Horacio
Horestíada
Huelva
hybris
Iberoamérica
Ícaro
idealizante
ideolectos
ideológicamente
ideólogo
idiolecto
idiolectos
idiomáticas
idiomático
Ifigenia
igualársele
Ildefonso
Ilíada
illud
ilocucionario
ilocutiva
ilocutivas
ilocutivo
ilocutivos
imaginería
Imitatio
impactos
imparisílaba
imperfectivo
implementos
implicatura
implicaturas
importantísima
importantísimos
imprecisión
imprecisiones
inacusativo
inacusativos
inadecuadamente
inalámbrica
inalámbrico
Inclán
incluyente
inconcreción
incordiante
incrustación
indefinitud
indignante
indistinción
individualización
inductivamente
inergativos
infanzones
infieri
infijo
infijos
infiriéndolos
inflexiona
infórmale
informatividad
infracultura
ingresión
inmanentismo
inmanentista
inmovilismo
inodrinación
insospechadamente
inspirarle
institucionalización
intelectualista
intencionalidad
interaccionismo
interactividad
interactúa
interactúan
interactuar
interactúe
interactúen
interconectadas
interconexión
interdependientes
interdisciplinar
interdisciplinares
interdisciplinarias
interdisciplinariedad
interfijos
interiorización
interlocución
internacionalmente
internet
interordinación
interordinadas
interpolación
interpolaciones
interpotencian
interrelacionadas
interrelacionados
interrelacionan
interrelacionar
interruptivas
intertextuales
intertextualidad
intorpolación
intracomunicación
intradiegético
intrahistoria
intrahistórica
intralingüística
intralingüísticamente
intralingüísticas
intralingüístico
intralingüísticos
intransitiva
intransitivas
intrascendentales
intratextual
inventatio
inventio
irracionalistas
irradiador
Isidoro
ismo
isoglosas
isosilabismo
isotopías
Isotopías
Ítaca
italianista
italianizante
italianizantes
Jackson
Jakobson
jarcha
jarchas
Jasón
jerárquicamente
jerarquización
jergal
John
Jose
Jovellanos
jovencita
jovencitas
jovencito
jovencitos
Joyce
judeoconversa
juglaría
Julieta
Justina
Kafka
Kant
Karcevskij
kinésico
kinésicos
Kurt
lacrimógena
lacrimógenas
laísmo
laísmos
laístas
lambdacismo
lambdacista
Lanzarote
Lapesa
Lara
Larrea
latinización
Latinoamérica
lectoescritura
Leech
leísmo
leísmos
leístas
leixaprén
Lemnos
Leonarda
Leonardo
leonesismos
Leonor
Leopoldo
Letrán
lexemática
lexemáticas
lexicalización
lexicalizaciones
lexicográfico
lexicográficos
lexicología
lexicológico
lexicón
linealmente
listísimo
literariedad
literaturizado
literaturizar
littera
lleísmo
lleístas
Llorac
localista
localistas
locucionario
locus
locutivo
locutivos
logas
loísmo
loísmos
Lolita
Londres
Lope
Lorca
Lucanor
Lucas
Luciano
Lutero
Luzán
m
Mª
Macondo
macroestructura
macroestructuras
macrorreglas
macrotextual
magister
Malarmé
Mallarmé
Mallorca
maltratadores
maltratarle
manierismo
manifestarlo
Manrique
mantón
maquetado
Mari
Martí
Marx
masificación
matización
Maupassant
Max
mecanicista
Medea
Medinaceli
mediums
mejorándolo
Melibea
melipea
Mellville
memorístico
memorísticos
Menandro
Menelao
Menéndez
mentalismo
mercantilización
mercurios
meridionalismos
mesolecto
mesolectos
mester
mesteres
metacognitivas
metadatos
metadiscursivos
metafonía
metafónico
metalingüística
metalingüístico
metaliteraria
metaliterarias
metaliteratura
metanovela
Metanovela
metateórico
metodológicamente
metodólogo
mezclándolo
mezclarlo
Michel
microcuento
microestructura
microestructuras
microrrelato
microrrelatos
Mihura
Millán
mimética
mimético
mínimamente
minusválidos
Miriam
miscelánea
misceláneas
misceláneo
misceláneos
misógina
misóginos
Mister
mitificación
moaxaja
moaxajas
Moby
modalización
modalizador
modalizadores
modalizante
Molière
monema
monemas
monocéntrica
monoclausal
monocorde
monografía
monografías
monolingüe
monologal
monologales
monológico
monológicos
mononucleares
monoptongación
monoptongaciones
monorimos
monosémico
monotemático
monovalencia
Montaigne
Montalbán
Montemayor
Monterroso
Montesquieu
moralismo
moralización
moralizante
moralizantes
Moratín
morfemática
morfemáticas
morfológicamente
morfosintáctica
morfosintácticas
morfosintáctico
morfosintácticos
morfosistaxis
Moscú
movere
mozárabe
mozárabes
Mozart
muladíes
multidimensional
multidisciplinar
multifuncionales
multisociograma
mundonovismo
mundonovista
muñequización
musicología
Mussolini
náhuatl
naïf
Nápoles
narcotráfico
narratario
narratio
narratología
narratológicas
narratológicos
nasalización
naucheros
nazismo
Nebrija
necrófago
negarlas
negarle
negarlo
negarlos
nemotécnicas
neobarroco
neobarroquismo
neoclásica
Neoclásicas
neoclásico
neoclásicos
neogótico
neogramáticos
neolingüística
neopicaresca
neopopularismo
Neoptólemo
neorealismo
neorrealismo
neorrealista
neorrealistas
neorretórica
neosurrealismo
neotradicionalistas
neovanguardia
neovanguardista
Neruda
Neso
neurolingüística
neurolingüísticas
neuropsicológico
neutralizables
neutralización
New
Nietzsche
nítidamente
nº
nominación
nominaciones
nominalización
nominalizaciones
normalización
normalizadora
normativamente
nororiental
Novalis
novecentismo
novelable
novelística
novelísticas
novelístico
novelísticos
novelita
novelización
novella
novellieri
noventayochistas
nuovo
ó
º
objetivable
objetivismo
objetivista
obligándole
obligatoriamente
Obregón
Octavio
octosilábica
octosilábico
ocurrirle
Odiseo
Oliveiros
omne
Onetti
Onieva
online
onomasiológico
ontológicamente
optatividad
oralidad
oralizados
oralizar
Ordóñez
Orestea
Orestes
orgullosísimo
Orinoco
Ovidio
Oviedo
oxímoron
Ozores
p
pág
paganidad
págs
Paideia
paisajístico
palatalización
palatarizara
parábasis
paradigmáticamente
paradigmáticas
paradigmático
paradigmáticos
paradigmatismo
paradójicamente
paralelística
paralelísticas
paralelísticos
paralenguaje
paralingüísticas
paralingüístico
paralingüísticos
parasíntesis
parasintéticos
parataxis
paratexto
paratextos
parcelación
parecerles
parnasianismo
parnasianistas
paródica
paródico
paródicos
Párodos
paroxítono
particularizadora
pasivización
pasodoble
pastorela
paternalista
patronímicos
Paul
Peán
pedófilas
pedofilia
pendrive
Penélope
Pentateuco
perderlo
perfeccionismo
perfeccionista
perfeccionitsa
performativos
perifrásticas
perifrástico
perifrásticos
perlocucionario
perlocutivo
perlocutivos
permítanme
peronismo
peroratio
Persia
perspectivismo
pervivencia
Peter
Petersburgo
Petrarca
petrarquismo
Petronio
Piaget
picardía
Picasso
picha
Pidal
pigmalión
Pisones
plantearles
plantos
plasmación
Platón
Plauto
pleonástica
pleonásticos
pluralia
pluraria
pluriestilística
pluriestilístico
plurifuncionalidad
plurigenérica
plurigenérico
plurilingüe
plurilingüismo
plurisignificativa
pluritemática
Plutón
Poe
poemario
poemática
poéticamente
polarizadores
Polidoro
Polifemo
políglota
Polimestor
polimetría
polimétrica
políptoton
polirrítmica
polisémica
polisémicas
polisémico
polisémicos
polisílaba
polisílabos
polisíndeton
polisistemas
politización
polivalencia
polivalencias
Polixena
popularismo
popurrí
porteño
Portolés
Poseidón
posicional
positivimismo
posliminares
posmoderna
posmodernismo
posmoderno
posmodernos
posposición
postergación
posteriori
postformalismo
postismo
postistas
postramiento
póstumamente
posturales
potenciación
potenciador
Potier
Prada
Praga
preactivación
precediéndolos
predorso
predorsodental
predorsodentales
preensayística
prefijación
pregador
preintelectual
prelingüística
Prelingüística
prelingüístico
preludiendo
premoniza
prenarrativos
prepalatal
prepalatales
prerrealismo
prerrenacentista
prerrenacimiento
prerromántico
prerrománticos
prescriptiva
prescriptivo
presimbólicas
presumiblemente
presuposición
presuposiciones
pretendidamente
prevalencia
preverbal
primordialmente
priori
proadverbios
probatio
prodesse
Proedria
proforma
proformas
prolexis
Prometeo
promiscuos
pronominaliza
pronominalización
pronominalizado
pronominalizan
pronominalizar
pronominalizarse
pronominalmente
pronuntiatio
propedéutico
Propp
prosificación
prosificaciones
prosística
prosístico
prosísticos
prosopografía
prospectos
prototípica
prototípicas
prototípico
prototípicos
Proust
Provenza
provocándole
provocarle
proxémica
proxémico
proxémicos
proyectarle
psicocrítica
psicodélicas
psicolingüística
psicolingüísticas
psicológicamente
psicopedagógico
psicosomáticos
pulcramente
purgación
purificativo
puzles
quemarlos
quesuísmo
Quevedo
quiasmo
quiasmos
quincenalmente
quinésica
Quiñones
Quintiliano
quíntuple
quirófano
Quiroga
radicalidad
radicalización
Raimundo
Ramiro
rap
rapsódica
rapsódico
readaptado
reafirmación
realizarlas
realizarlo
realizarlos
recategoricen
rección
recconociéndole
recicladora
recombinarla
recortables
recreador
recreadores
recuperarlos
recurrencia
recursividad
recursivo
redescubrimiento
reduplicación
reduplicador
reelabora
reelaboración
reelaborada
reestructuración
referencial
referenciales
reflexividad
reformantes
reformismo
reformula
reformulación
reformulaciones
reformulado
Reformuladores
reformulan
reformular
reformularlas
refundición
refundiciones
refutatio
regeneracionistas
regionalmente
rehumanización
rehumanizar
reinterpretación
reinterpretaciones
reinterpretadas
relacionante
relacionantes
relectura
rematización
remodela
René
renegación
reordenan
representatividad
resaltable
reses
responsablemente
retardantes
retroalimentación
retroalimentan
retrocanalizar
retrospecciones
reutilizables
revalorización
ridiculización
Rimbaud
Rinconete
Rivas
Robinson
rococó
Rodolfo
Roland
Roldán
romain
Roman
romancística
romancísticas
romancístico
romancísticos
Romania
romantísticas
romantísticos
Rómulo
rotacista
Rotterdam
Rousseau
rúbrica
Rulfo
rupturista
ruralismo
s
sacándole
sáfico
Sahara
Salamanca
salirle
Samósata
Samuel
sangrándolo
Sannazaro
Santillana
sapiente
Sartre
Satán
Saussure
Schopenhauer
Scott
Searle
secuenciación
secularización
sema
semańtica
semánticamente
semas
semasiológico
sémico
semiconsonántica
semiconsonántico
semiconsonánticos
semilibre
semiológicas
semiótica
semióticas
semióticos
semivocálicos
Sendebar
senderismo
senema
señeras
sentenciosidad
serigrafías
serradillano
Serrat
seseante
Shakespeare
sicalípticas
Sicilia
Sidonia
significatividad
sigs
simbolización
Simpsons
sinapsia
síncopa
sinestésicos
singularia
singulativa
singulativo
sinonímica
sinonímicas
sinóptico
sintácticamente
sintagmatismo
sintetizante
sintonía
sintonías
sirventés
siseante
sistematización
situacional
situacionales
Skinner
slogan
snob
sobreentenderla
sobrenaturalidad
socialización
socioafectivo
socioeconómicas
socioeconómico
socioeconómicos
sociograma
sociolecto
sociolectos
sociolingüística
sociolingüísticas
sociolingüístico
sociolingüísticos
sociológicamente
sociopolítica
sociopolíticas
sociopolíticos
Sócrates
sofisticación
Sófocles
somatolalia
sonorización
Soria
sorprendentemente
sosegarlo
Sperber
Sta
Stendhal
Stevenson
stil
stilnovismo
subapartado
subapartados
subcampo
subdisciplina
subdisciplinas
subgrupo
sublenguaje
subliteratura
suboracional
suboracionales
subsistemas
subtemas
sufijación
sumativa
Sumativa
sunt
superconcepto
superestrato
superestructura
superestructural
superestructuras
supralingüísticas
supralingüísticos
supraoracional
suprasegmentales
sustantivación
sustantivadora
sustituyentes
Swift
Talavera
Tannen
tantum
Tarquinia
Tarquinias
Tarquinio
Tarquino
Tarquis
teatralización
Tebas
Tecmesa
tecnócratas
tecnolectos
Teicoscopía
Telémaco
teletienda
telicidad
télico
tematización
tematizaciones
tematizadores
temporización
Temporización
tempus
tendenciosidad
teocéntrica
teocentrismo
teorización
teosófico
Terencio
terminológica
terminológicamente
terminológicas
terribilis
Teseo
Tesnière
tetralogía
tetrástrofo
textualidad
textualización
Timoneda
tipificación
tipología
tipologías
Tiresias
Tisón
titán
titánica
Todorov
Tolkien
Tolomeo
Tolstoi
tonemas
topicalización
Topoi
toponímicas
Tormes
totalizadora
tradicionalizan
transcategorización
transcategorizadores
transcodifica
transcodificar
transcriptor
transexual
transfonologización
transitividad
transliteración
transpositora
transpositores
transversalidad
trasvasamiento
trasvasamientos
traumática
Trento
Triana
tricotomía
triplemente
Troya
tuércele
tutoría
tutorial
tutoriales
tutorías
tutorización
Úbeda
Ulises
ulterioridad
ultracorrecta
ultraísmo
ultraísta
ultraístas
Umberto
Unamuno
unidireccionalmente
unidiriccionales
unificador
unilateralidad
unimembres
urbis
Valdés
Valerio
Valéry
Válgame
Valladolid
Vallecas
Valle-Inclán
valorativa
valorativas
valorativo
variacionista
veámoslo
vehicula
vehiculan
vehicular
velarización
Velázquez
verbalización
verificable
verista
vernacularización
Verne
versiona
vertebrador
victimista
Victor
Vigotsky
Villena
violentación
Virgilio
visigótico
vivencial
vivirla
Vladimir
vocalización
voseante
Vulcano
Walt
Walter
watio
webquest
Weldrich
Werlich
Werther
Whitman
wiki
Wikipedia
wikis
William
Willson
Woolf
yámbico
yeísmo
yeísta
yeístas
Yocasta
yod
yuxtaponiéndolos
Zamora
zéjel
zéjeles
zejelesca
zejelescas
Zeus
Zola
Zorrilla
